{
    "loss": 0.8060613870620728,
    "accuracy": 0.798561155796051
}